{"total_miles": 1130.5469235550038, "avg_speed": 6.721479812178922, "total_runstotal_elevation": 322, "avg_hr": 6057.94331741333, "max_hr": 152.5991334915161, "total_cals": 194.0, "total_time": 1081.0}